High,Low,Open,Close,Volume,Adj Close
3660.0,3660.0,3660.0,3660.0,0.0,3223.64697265625
3640.0,3590.0,3610.0,3610.0,74945100.0,3179.60791015625
3640.0,3580.0,3580.0,3620.0,93458300.0,3188.416015625
3660.0,3610.0,3620.0,3660.0,114459600.0,3223.64697265625
3710.0,3660.0,3700.0,3660.0,74641100.0,3223.64697265625
3680.0,3630.0,3660.0,3680.0,81361900.0,3241.26220703125
3740.0,3690.0,3710.0,3720.0,119390300.0,3276.4931640625
3750.0,3710.0,3740.0,3750.0,141926800.0,3302.916748046875
3770.0,3700.0,3760.0,3730.0,107861300.0,3285.30126953125
3790.0,3730.0,3730.0,3790.0,115067500.0,3338.14794921875
3790.0,3740.0,3770.0,3780.0,140860200.0,3329.340087890625
3800.0,3760.0,3790.0,3780.0,103772600.0,3329.340087890625
3840.0,3780.0,3790.0,3810.0,119859400.0,3355.763427734375
3850.0,3790.0,3850.0,3820.0,96096600.0,3364.5712890625
3830.0,3800.0,3800.0,3800.0,80926000.0,3346.955810546875
3790.0,3740.0,3770.0,3770.0,119687600.0,3320.532470703125
3810.0,3730.0,3760.0,3770.0,163458700.0,3320.532470703125
3810.0,3750.0,3750.0,3790.0,176166500.0,3338.14794921875
3820.0,3780.0,3820.0,3780.0,127141300.0,3329.340087890625
3790.0,3750.0,3750.0,3780.0,93581100.0,3329.340087890625
3820.0,3650.0,3780.0,3690.0,187613500.0,3250.070068359375
3760.0,3700.0,3700.0,3750.0,144747500.0,3302.916748046875
3870.0,3800.0,3800.0,3850.0,252448500.0,3390.994873046875
3930.0,3870.0,3880.0,3920.0,140105900.0,3452.64892578125
3950.0,3890.0,3950.0,3900.0,75955600.0,3435.033447265625
3900.0,3900.0,3900.0,3900.0,0.0,3435.033447265625
3940.0,3910.0,3920.0,3920.0,78073900.0,3452.64892578125
3930.0,3890.0,3930.0,3930.0,82938300.0,3461.456787109375
3910.0,3850.0,3860.0,3890.0,78473000.0,3426.225830078125
3920.0,3860.0,3890.0,3870.0,55587600.0,3408.610107421875
3900.0,3820.0,3900.0,3850.0,94961400.0,3390.994873046875
3890.0,3780.0,3890.0,3790.0,108181100.0,3338.14794921875
3850.0,3750.0,3820.0,3800.0,119542400.0,3346.955810546875
3840.0,3750.0,3840.0,3770.0,87738200.0,3320.532470703125
3860.0,3790.0,3790.0,3840.0,93662400.0,3382.186767578125
4000.0,3880.0,3900.0,3910.0,139946000.0,3443.841064453125
3940.0,3860.0,3910.0,3890.0,124066500.0,3426.225830078125
3940.0,3830.0,3830.0,3910.0,114540900.0,3443.841064453125
3910.0,3860.0,3860.0,3900.0,81700600.0,3435.033447265625
3970.0,3900.0,3940.0,3960.0,106730500.0,3487.8798828125
3970.0,3910.0,3960.0,3940.0,61418800.0,3470.2646484375
3920.0,3850.0,3910.0,3870.0,88062100.0,3408.610107421875
3870.0,3840.0,3850.0,3850.0,106492300.0,3390.994873046875
3890.0,3860.0,3870.0,3870.0,71431900.0,3408.610107421875
3920.0,3880.0,3900.0,3880.0,57026900.0,3417.41796875
3900.0,3860.0,3900.0,3860.0,70615700.0,3399.802490234375
3920.0,3860.0,3890.0,3900.0,56508700.0,3435.033447265625
3900.0,3900.0,3900.0,3900.0,0.0,3435.033447265625
3880.0,3810.0,3820.0,3850.0,129784700.0,3390.994873046875
3900.0,3830.0,3900.0,3860.0,46743400.0,3399.802490234375
3890.0,3810.0,3880.0,3840.0,63500100.0,3382.186767578125
3810.0,3780.0,3800.0,3790.0,46756100.0,3338.14794921875
3850.0,3780.0,3780.0,3840.0,90157600.0,3382.186767578125
3950.0,3890.0,3900.0,3950.0,97150400.0,3479.072265625
4030.0,3980.0,3990.0,4000.0,92904100.0,3523.111083984375
4050.0,3970.0,4040.0,3980.0,57945500.0,3505.495849609375
4010.0,3960.0,3960.0,3990.0,85969100.0,3514.303466796875
4040.0,3970.0,4010.0,3990.0,110206700.0,3514.303466796875
4070.0,4000.0,4030.0,4050.0,94636900.0,3567.150146484375
4040.0,3990.0,4030.0,4010.0,82166300.0,3531.919189453125
4080.0,4010.0,4050.0,4060.0,68612800.0,3575.9580078125
4080.0,4040.0,4080.0,4050.0,51063000.0,3567.150146484375
4080.0,4030.0,4070.0,4070.0,61147700.0,3584.765869140625
4140.0,4050.0,4050.0,4110.0,64740600.0,3619.996826171875
4160.0,4130.0,4140.0,4150.0,66844600.0,3655.227783203125
4170.0,4130.0,4170.0,4150.0,44403800.0,3655.227783203125
4150.0,4150.0,4150.0,4150.0,0.0,3655.227783203125
4280.0,4140.0,4180.0,4220.0,63002400.0,3716.882568359375
4290.0,4250.0,4260.0,4270.0,49127500.0,3760.921142578125
4290.0,4210.0,4290.0,4250.0,75453200.0,3743.3056640625
4350.0,4260.0,4280.0,4300.0,73325100.0,3787.344482421875
4320.0,4260.0,4300.0,4310.0,106216900.0,3796.15234375
4320.0,4280.0,4300.0,4300.0,171468700.0,3787.344482421875
4320.0,4280.0,4300.0,4310.0,76584700.0,3796.15234375
4360.0,4310.0,4350.0,4350.0,64160400.0,3831.3837890625
4360.0,4320.0,4330.0,4340.0,90837700.0,3822.575927734375
4340.0,4340.0,4340.0,4340.0,0.0,3822.575927734375
4730.0,4380.0,4450.0,4460.0,182035000.0,3928.26904296875
4460.0,4460.0,4460.0,4460.0,0.0,3928.26904296875
4460.0,4410.0,4460.0,4440.0,101963500.0,3910.653564453125
4450.0,4410.0,4410.0,4430.0,54840800.0,3901.845703125
4430.0,4400.0,4410.0,4400.0,172810100.0,3875.422607421875
4390.0,4260.0,4380.0,4330.0,184463200.0,3813.76806640625
4360.0,4210.0,4240.0,4330.0,132874000.0,3813.76806640625
4350.0,4280.0,4290.0,4340.0,76916700.0,3822.575927734375
4410.0,4340.0,4390.0,4370.0,127804000.0,3848.9990234375
4370.0,4370.0,4370.0,4370.0,0.0,3848.9990234375
4420.0,4340.0,4420.0,4370.0,126901700.0,3848.9990234375
4400.0,4310.0,4330.0,4380.0,109485100.0,3857.806884765625
4300.0,4190.0,4300.0,4230.0,143009800.0,3725.690185546875
4280.0,4210.0,4210.0,4250.0,112789100.0,3743.3056640625
4250.0,4180.0,4250.0,4220.0,120152500.0,3716.882568359375
4160.0,4120.0,4140.0,4120.0,163340000.0,3628.8046875
4160.0,4090.0,4100.0,4120.0,120282900.0,3628.8046875
4140.0,4100.0,4130.0,4100.0,71877200.0,3611.189208984375
4090.0,3970.0,4000.0,4050.0,115090400.0,3567.150146484375
4060.0,3890.0,4050.0,3890.0,167394600.0,3426.225830078125
3990.0,3820.0,3940.0,3860.0,144094800.0,3399.802490234375
3910.0,3770.0,3910.0,3790.0,155199000.0,3338.14794921875
3850.0,3660.0,3800.0,3750.0,165275800.0,3302.916748046875
3840.0,3710.0,3800.0,3750.0,206532500.0,3302.916748046875
3830.0,3710.0,3710.0,3770.0,118633800.0,3320.532470703125
3890.0,3800.0,3820.0,3850.0,209226900.0,3390.994873046875
3930.0,3770.0,3780.0,3850.0,150398400.0,3500.23486328125
3970.0,3860.0,3900.0,3920.0,123578400.0,3563.87548828125
3950.0,3810.0,3930.0,3810.0,376621800.0,3463.868896484375
3950.0,3860.0,3890.0,3940.0,139713200.0,3582.05859375
3940.0,3940.0,3940.0,3940.0,0.0,3582.05859375
4120.0,3980.0,3990.0,4100.0,261104200.0,3727.522705078125
4100.0,4100.0,4100.0,4100.0,0.0,3727.522705078125
4100.0,4100.0,4100.0,4100.0,0.0,3727.522705078125
4100.0,4100.0,4100.0,4100.0,0.0,3727.522705078125
4100.0,4100.0,4100.0,4100.0,0.0,3727.522705078125
4100.0,4100.0,4100.0,4100.0,0.0,3727.522705078125
4270.0,4200.0,4220.0,4230.0,196745300.0,3845.712646484375
4250.0,4150.0,4250.0,4230.0,116270900.0,3845.712646484375
4210.0,4170.0,4170.0,4210.0,92904100.0,3827.529541015625
4250.0,4180.0,4250.0,4200.0,116825700.0,3818.43798828125
4240.0,4170.0,4170.0,4230.0,72298800.0,3845.712646484375
4250.0,4200.0,4250.0,4200.0,55193600.0,3818.43798828125
4260.0,4180.0,4180.0,4260.0,158342200.0,3872.987060546875
4330.0,4280.0,4330.0,4310.0,107715700.0,3918.44482421875
4360.0,4260.0,4290.0,4360.0,170191100.0,3963.902099609375
4350.0,4290.0,4310.0,4310.0,82569600.0,3918.44482421875
4350.0,4290.0,4350.0,4330.0,59456000.0,3936.627685546875
4370.0,4320.0,4330.0,4360.0,102850200.0,3963.902099609375
4390.0,4350.0,4380.0,4380.0,81746600.0,3982.08544921875
4400.0,4350.0,4370.0,4360.0,102580700.0,3963.902099609375
4420.0,4380.0,4400.0,4420.0,104844900.0,4018.451416015625
4420.0,4360.0,4420.0,4410.0,134440200.0,4009.360107421875
4420.0,4360.0,4390.0,4400.0,74371900.0,4000.2685546875
4400.0,4360.0,4360.0,4390.0,38687900.0,3991.177001953125
4420.0,4380.0,4420.0,4400.0,53771200.0,4000.2685546875
4410.0,4370.0,4380.0,4400.0,46233200.0,4000.2685546875
4410.0,4370.0,4370.0,4410.0,64718300.0,4009.360107421875
4480.0,4400.0,4410.0,4470.0,80977700.0,4063.908935546875
4540.0,4480.0,4490.0,4510.0,91416500.0,4100.27490234375
4540.0,4490.0,4510.0,4510.0,64575400.0,4100.27490234375
4560.0,4520.0,4540.0,4530.0,68954800.0,4118.4580078125
4550.0,4500.0,4500.0,4550.0,84477400.0,4136.64111328125
4550.0,4500.0,4520.0,4520.0,65303400.0,4109.36669921875
4510.0,4440.0,4500.0,4450.0,77028200.0,4045.725830078125
4490.0,4440.0,4450.0,4480.0,64335100.0,4073.000732421875
4510.0,4460.0,4500.0,4500.0,41944400.0,4091.183349609375
4500.0,4470.0,4500.0,4490.0,43317300.0,4082.09228515625
4520.0,4440.0,4520.0,4450.0,53053100.0,4045.725830078125
4480.0,4450.0,4470.0,4460.0,60404000.0,4054.81787109375
4470.0,4400.0,4410.0,4440.0,77381500.0,4036.634033203125
4480.0,4440.0,4480.0,4460.0,91877000.0,4054.81787109375
4500.0,4460.0,4500.0,4500.0,68755800.0,4091.183349609375
4510.0,4450.0,4500.0,4480.0,105834600.0,4073.000732421875
4510.0,4410.0,4490.0,4450.0,143626600.0,4045.725830078125
4470.0,4390.0,4400.0,4450.0,119342500.0,4045.725830078125
4420.0,4270.0,4410.0,4270.0,150837200.0,3882.078369140625
4210.0,4020.0,4100.0,4100.0,247636800.0,3727.522705078125
4290.0,4140.0,4140.0,4250.0,146976400.0,3863.895751953125
4320.0,4250.0,4250.0,4290.0,93336500.0,3900.261962890625
4350.0,4300.0,4330.0,4330.0,82471300.0,3936.627685546875
4380.0,4290.0,4380.0,4300.0,51057200.0,3909.353271484375
4330.0,4250.0,4330.0,4280.0,80133600.0,3891.17041015625
4350.0,4310.0,4330.0,4330.0,93273200.0,3936.627685546875
4280.0,4180.0,4210.0,4250.0,115233200.0,3863.895751953125
4260.0,4200.0,4250.0,4210.0,93606900.0,3827.529541015625
4220.0,4130.0,4130.0,4180.0,60369000.0,3800.2548828125
4200.0,4090.0,4180.0,4100.0,102619200.0,3727.522705078125
4170.0,4040.0,4100.0,4050.0,84386400.0,3682.065185546875
4140.0,4000.0,4060.0,4070.0,124079400.0,3700.248291015625
4100.0,4020.0,4030.0,4080.0,58236900.0,3709.33984375
4070.0,4000.0,4020.0,4070.0,64788000.0,3700.248291015625
4210.0,4080.0,4130.0,4200.0,178201800.0,3818.43798828125
4240.0,4190.0,4220.0,4190.0,99957200.0,3809.346435546875
4220.0,4160.0,4220.0,4200.0,68027100.0,3818.43798828125
4270.0,4120.0,4190.0,4270.0,108998100.0,3882.078369140625
4280.0,4210.0,4270.0,4220.0,68472900.0,3836.62109375
4270.0,4130.0,4180.0,4150.0,76155900.0,3772.98046875
4180.0,4100.0,4180.0,4160.0,76686000.0,3782.072021484375
4230.0,4180.0,4220.0,4220.0,77131600.0,3836.62109375
4290.0,4250.0,4260.0,4270.0,114425200.0,3882.078369140625
4290.0,4170.0,4290.0,4170.0,68317900.0,3791.16357421875
4190.0,4150.0,4180.0,4190.0,69287000.0,3809.346435546875
4260.0,4150.0,4150.0,4250.0,114308200.0,3863.895751953125
4350.0,4270.0,4300.0,4280.0,87101400.0,3891.17041015625
4320.0,4280.0,4320.0,4310.0,56092800.0,3918.44482421875
4290.0,4100.0,4290.0,4190.0,132616600.0,3809.346435546875
4250.0,4130.0,4160.0,4250.0,107125600.0,3863.895751953125
4260.0,4210.0,4240.0,4240.0,76406800.0,3854.803955078125
4230.0,4200.0,4200.0,4220.0,92108100.0,3836.62109375
4220.0,4130.0,4200.0,4160.0,217504200.0,3782.072021484375
4200.0,4160.0,4160.0,4180.0,84900300.0,3800.2548828125
4160.0,4110.0,4160.0,4110.0,95076200.0,3736.6142578125
4120.0,4020.0,4070.0,4080.0,83155300.0,3709.33984375
4210.0,4100.0,4110.0,4210.0,80120800.0,3827.529541015625
4210.0,4160.0,4210.0,4180.0,57666400.0,3800.2548828125
4200.0,4110.0,4200.0,4120.0,76345500.0,3745.7060546875
4130.0,4070.0,4120.0,4070.0,79550900.0,3700.248291015625
4090.0,3920.0,4050.0,3930.0,166346200.0,3572.967041015625
3890.0,3810.0,3870.0,3810.0,177625500.0,3463.868896484375
3960.0,3860.0,3880.0,3950.0,93849800.0,3591.150146484375
3990.0,3860.0,3970.0,3900.0,126705700.0,3545.6923828125
3960.0,3890.0,3960.0,3930.0,119796000.0,3572.967041015625
3990.0,3920.0,3950.0,3960.0,117832100.0,3600.241455078125
3990.0,3880.0,3970.0,3890.0,107857100.0,3536.60107421875
3960.0,3910.0,3950.0,3920.0,102206600.0,3563.87548828125
3980.0,3910.0,3950.0,3920.0,109782800.0,3563.87548828125
3970.0,3890.0,3970.0,3940.0,128090900.0,3582.05859375
3990.0,3940.0,3960.0,3990.0,82010000.0,3627.51611328125
4050.0,3990.0,4000.0,4050.0,104547000.0,3682.065185546875
4190.0,4050.0,4050.0,4170.0,103613400.0,3791.16357421875
4190.0,4110.0,4170.0,4120.0,81121300.0,3745.7060546875
4140.0,4070.0,4080.0,4140.0,82586400.0,3763.888916015625
4180.0,4080.0,4150.0,4180.0,127172900.0,3800.2548828125
4300.0,4180.0,4180.0,4300.0,157022200.0,3909.353271484375
4320.0,4220.0,4300.0,4230.0,112296600.0,3845.712646484375
4260.0,4220.0,4230.0,4230.0,38352600.0,3845.712646484375
4250.0,4180.0,4240.0,4230.0,82494100.0,3845.712646484375
4260.0,4190.0,4260.0,4250.0,47442000.0,3863.895751953125
4240.0,4160.0,4210.0,4210.0,75586200.0,3827.529541015625
4220.0,4150.0,4220.0,4180.0,63281400.0,3800.2548828125
4210.0,4150.0,4180.0,4160.0,50272200.0,3782.072021484375
4300.0,4170.0,4190.0,4300.0,132545000.0,3909.353271484375
4330.0,4160.0,4330.0,4160.0,132500400.0,3782.072021484375
4160.0,3960.0,4160.0,4000.0,292323600.0,3636.607666015625
4030.0,3980.0,4010.0,3990.0,134618100.0,3627.51611328125
4000.0,3950.0,3950.0,4000.0,114079500.0,3636.607666015625
4030.0,3980.0,4000.0,4000.0,109775100.0,3636.607666015625
4010.0,3920.0,4000.0,3960.0,150088500.0,3600.241455078125
3970.0,3900.0,3950.0,3940.0,118066000.0,3582.05859375
4100.0,3960.0,4000.0,4090.0,122007300.0,3718.431396484375
4140.0,4050.0,4090.0,4120.0,93147500.0,3745.7060546875
4190.0,4080.0,4150.0,4190.0,141181200.0,3809.346435546875
4260.0,4150.0,4170.0,4220.0,154808400.0,3836.62109375
4230.0,4140.0,4200.0,4220.0,114191700.0,3836.62109375
4250.0,4160.0,4230.0,4210.0,74696400.0,3827.529541015625
4180.0,4120.0,4150.0,4130.0,56593800.0,3754.79736328125
4180.0,4100.0,4150.0,4150.0,222076900.0,3772.98046875
4210.0,4100.0,4100.0,4170.0,66281400.0,3791.16357421875
4170.0,4050.0,4130.0,4050.0,61720000.0,3682.065185546875
4120.0,4010.0,4060.0,4090.0,64199200.0,3718.431396484375
4210.0,4120.0,4150.0,4210.0,55396900.0,3827.529541015625
4220.0,4160.0,4210.0,4170.0,43717700.0,3791.16357421875
4200.0,4120.0,4200.0,4130.0,50621200.0,3754.79736328125
4230.0,4170.0,4200.0,4220.0,72784100.0,3836.62109375
4250.0,4170.0,4250.0,4170.0,67202600.0,3791.16357421875
4210.0,4150.0,4190.0,4180.0,47839000.0,3800.2548828125
4180.0,4130.0,4140.0,4170.0,80011300.0,3791.16357421875
4210.0,4160.0,4190.0,4210.0,62962600.0,3827.529541015625
4270.0,4210.0,4230.0,4250.0,125551000.0,3863.895751953125
4290.0,4240.0,4280.0,4280.0,167616600.0,3891.17041015625
4350.0,4290.0,4300.0,4330.0,178955500.0,3936.627685546875
4360.0,4300.0,4360.0,4350.0,141046900.0,3954.810546875
4400.0,4350.0,4380.0,4400.0,158345700.0,4000.2685546875
4370.0,4320.0,4350.0,4350.0,94017600.0,3954.810546875
4370.0,4320.0,4350.0,4360.0,156213900.0,3963.902099609375
4470.0,4360.0,4450.0,4450.0,123276700.0,4045.725830078125
4450.0,4400.0,4420.0,4410.0,50234000.0,4009.360107421875
4440.0,4380.0,4380.0,4430.0,56465900.0,4027.54296875
4450.0,4360.0,4450.0,4400.0,66440200.0,4000.2685546875
4410.0,4360.0,4400.0,4410.0,41714100.0,4009.360107421875
4440.0,4390.0,4420.0,4420.0,82898300.0,4018.451416015625
4390.0,4320.0,4360.0,4370.0,44225100.0,3972.994140625
4410.0,4380.0,4410.0,4400.0,103948100.0,4000.2685546875
4400.0,4340.0,4380.0,4380.0,171751200.0,3982.08544921875
4420.0,4370.0,4400.0,4400.0,72072000.0,4000.2685546875
4430.0,4390.0,4430.0,4410.0,124809200.0,4009.360107421875
4510.0,4420.0,4430.0,4510.0,111351400.0,4100.27490234375
4600.0,4520.0,4540.0,4570.0,158414200.0,4154.82421875
4580.0,4530.0,4570.0,4580.0,102566700.0,4163.91552734375
4590.0,4510.0,4570.0,4570.0,133986100.0,4154.82421875
4640.0,4600.0,4620.0,4630.0,121175500.0,4209.37353515625
4690.0,4630.0,4690.0,4660.0,81837500.0,4236.6484375
4680.0,4640.0,4670.0,4670.0,73839600.0,4245.7392578125
4710.0,4670.0,4680.0,4710.0,82370500.0,4282.10546875
4760.0,4690.0,4720.0,4740.0,139861200.0,4309.38037109375
4750.0,4680.0,4730.0,4740.0,96017400.0,4309.38037109375
4700.0,4640.0,4700.0,4650.0,93704600.0,4227.556640625
4640.0,4570.0,4580.0,4620.0,95394600.0,4200.28173828125
4660.0,4600.0,4620.0,4620.0,194871800.0,4200.28173828125
4700.0,4580.0,4700.0,4580.0,87726300.0,4163.91552734375
4580.0,4460.0,4570.0,4460.0,137055500.0,4054.81787109375
4490.0,4450.0,4460.0,4460.0,131584600.0,4054.81787109375
4690.0,4520.0,4690.0,4560.0,112377400.0,4145.73291015625
4580.0,4510.0,4570.0,4560.0,91267300.0,4145.73291015625
4590.0,4530.0,4590.0,4550.0,94855500.0,4136.64111328125
4580.0,4540.0,4580.0,4550.0,133042500.0,4136.64111328125
4530.0,4400.0,4500.0,4500.0,170890600.0,4091.183349609375
4540.0,4480.0,4540.0,4510.0,85150100.0,4100.27490234375
4560.0,4520.0,4520.0,4530.0,130150400.0,4118.4580078125
4590.0,4540.0,4580.0,4570.0,79710700.0,4154.82421875
4590.0,4530.0,4530.0,4550.0,127004900.0,4136.64111328125
4540.0,4470.0,4480.0,4470.0,119759900.0,4063.908935546875
4500.0,4400.0,4470.0,4400.0,88694500.0,4000.2685546875
4480.0,4450.0,4460.0,4480.0,100810700.0,4073.000732421875
4580.0,4510.0,4520.0,4560.0,98180400.0,4145.73291015625
4560.0,4510.0,4560.0,4510.0,106960700.0,4100.27490234375
4540.0,4470.0,4540.0,4490.0,102908000.0,4082.09228515625
4550.0,4460.0,4460.0,4500.0,113929600.0,4091.183349609375
4510.0,4470.0,4500.0,4480.0,149197600.0,4073.000732421875
4380.0,4120.0,4380.0,4130.0,207157400.0,3887.482421875
4190.0,3910.0,3990.0,4190.0,191962700.0,3943.958984375
4200.0,3980.0,4190.0,3980.0,187659200.0,3746.29052734375
4180.0,4000.0,4050.0,4100.0,198413400.0,3859.243896484375
4240.0,4130.0,4140.0,4220.0,116305200.0,3972.197509765625
4300.0,4130.0,4290.0,4150.0,133588200.0,3906.307861328125
4050.0,4000.0,4040.0,4010.0,159391900.0,3774.52880859375
3950.0,3750.0,3900.0,3750.0,149028700.0,3529.79638671875
4030.0,3780.0,3780.0,3910.0,165975500.0,3680.40087890625
4030.0,3880.0,3950.0,3910.0,177519900.0,3680.40087890625
3840.0,3600.0,3820.0,3610.0,151940600.0,3398.017333984375
3770.0,3360.0,3610.0,3720.0,268837000.0,3501.55810546875
3750.0,3460.0,3750.0,3500.0,178420500.0,3294.4765625
3570.0,3260.0,3500.0,3260.0,208568600.0,3068.569580078125
3440.0,3090.0,3270.0,3140.0,248104200.0,2955.615966796875
3140.0,2930.0,3130.0,2930.0,137946900.0,2757.947509765625
2970.0,2730.0,2930.0,2810.0,598363000.0,2644.994140625
2700.0,2620.0,2650.0,2620.0,164404600.0,2466.151123046875
2750.0,2440.0,2580.0,2440.0,495129300.0,2296.720703125
3000.0,2500.0,2500.0,2940.0,634588200.0,2767.3603515625
3670.0,3000.0,3000.0,3230.0,480930500.0,3040.331298828125
3150.0,3010.0,3150.0,3010.0,217509200.0,2833.25
3200.0,2970.0,3100.0,3020.0,314996600.0,2842.662841796875
3080.0,2900.0,3010.0,2930.0,271743600.0,2757.947509765625
2900.0,2800.0,2850.0,2870.0,299882400.0,2701.470947265625
2950.0,2830.0,2930.0,2890.0,293146900.0,2720.29638671875
3030.0,2910.0,2950.0,3020.0,285099900.0,2842.662841796875
3240.0,2950.0,3100.0,3030.0,405389200.0,2852.075439453125
3040.0,2820.0,3000.0,2820.0,292946600.0,2654.40673828125
2910.0,2750.0,2860.0,2790.0,265787000.0,2626.16845703125
2840.0,2700.0,2790.0,2770.0,123731400.0,2607.3427734375
2900.0,2770.0,2790.0,2900.0,219734000.0,2729.709228515625
2990.0,2730.0,2900.0,2760.0,319095100.0,2597.93017578125
2770.0,2580.0,2770.0,2610.0,367748800.0,2456.73828125
2840.0,2660.0,2670.0,2830.0,402325500.0,2663.81982421875
2900.0,2760.0,2880.0,2780.0,222008500.0,2616.755859375
2790.0,2690.0,2750.0,2720.0,132873300.0,2560.27880859375
2830.0,2650.0,2700.0,2790.0,179543300.0,2626.16845703125
2880.0,2790.0,2830.0,2800.0,216170700.0,2635.581298828125
2800.0,2630.0,2800.0,2630.0,293711300.0,2475.563720703125
2700.0,2610.0,2680.0,2660.0,182608400.0,2503.80224609375
2690.0,2570.0,2680.0,2590.0,268296100.0,2437.91259765625
2620.0,2560.0,2600.0,2580.0,209136400.0,2428.499755859375
2740.0,2610.0,2620.0,2730.0,432073900.0,2569.691650390625
2680.0,2600.0,2670.0,2630.0,200608900.0,2475.563720703125
2680.0,2610.0,2630.0,2630.0,184761500.0,2475.563720703125
2650.0,2600.0,2630.0,2620.0,173052900.0,2466.151123046875
2660.0,2580.0,2640.0,2590.0,205764900.0,2437.91259765625
2640.0,2600.0,2630.0,2620.0,154599200.0,2466.151123046875
2630.0,2470.0,2620.0,2490.0,368672700.0,2343.78466796875
2520.0,2440.0,2460.0,2470.0,338592200.0,2324.959228515625
2480.0,2330.0,2440.0,2350.0,470265100.0,2212.005615234375
2400.0,2210.0,2380.0,2240.0,594658300.0,2108.465087890625
2270.0,2160.0,2250.0,2170.0,455462600.0,2042.575439453125
2420.0,2250.0,2250.0,2370.0,531310100.0,2230.831298828125
2500.0,2320.0,2360.0,2480.0,394395900.0,2334.3720703125
2550.0,2470.0,2550.0,2520.0,404097300.0,2372.023193359375
2630.0,2520.0,2540.0,2630.0,432813000.0,2475.563720703125
2780.0,2640.0,2640.0,2730.0,453391300.0,2569.691650390625
2950.0,2700.0,2700.0,2950.0,872607300.0,2776.773193359375
3290.0,2950.0,2950.0,3180.0,467460800.0,2993.267333984375
3280.0,3010.0,3200.0,3100.0,438099000.0,2917.965087890625
3200.0,3030.0,3120.0,3060.0,250143200.0,2880.31396484375
3130.0,2960.0,3070.0,3110.0,267393400.0,2927.3779296875
3370.0,3170.0,3180.0,3300.0,384332100.0,3106.220947265625
3360.0,3210.0,3350.0,3210.0,254497400.0,3021.505615234375
3180.0,3000.0,3180.0,3030.0,443231300.0,2852.075439453125
3130.0,2900.0,3130.0,2970.0,372347500.0,2795.598876953125
3040.0,2800.0,2900.0,3030.0,472128400.0,2852.075439453125
3050.0,2890.0,3040.0,2900.0,230766700.0,2729.709228515625
3150.0,2960.0,2970.0,3130.0,338682000.0,2946.203369140625
3200.0,3080.0,3200.0,3100.0,218180800.0,2917.965087890625
3120.0,3040.0,3050.0,3050.0,130942600.0,2870.90087890625
3110.0,3060.0,3080.0,3100.0,166969600.0,2917.965087890625
3110.0,3030.0,3100.0,3060.0,95377000.0,2880.31396484375
3060.0,2980.0,3020.0,3010.0,171421500.0,2833.25
3140.0,3010.0,3050.0,3120.0,308484300.0,2936.79052734375
3110.0,3040.0,3100.0,3060.0,158209300.0,2880.31396484375
3120.0,3020.0,3100.0,3030.0,147306200.0,2852.075439453125
3060.0,2980.0,3040.0,3040.0,118809900.0,2861.48828125
3110.0,3030.0,3070.0,3030.0,134014700.0,2852.075439453125
3070.0,3030.0,3040.0,3060.0,101290700.0,2880.31396484375
3090.0,3040.0,3090.0,3060.0,169484600.0,2880.31396484375
3090.0,3040.0,3060.0,3050.0,49472800.0,2870.90087890625
3100.0,3030.0,3070.0,3040.0,134677700.0,2861.48828125
3080.0,3030.0,3070.0,3030.0,207371700.0,2852.075439453125
3200.0,3030.0,3040.0,3190.0,339667600.0,3002.679931640625
3230.0,3140.0,3190.0,3140.0,192182300.0,2955.615966796875
3150.0,3100.0,3130.0,3110.0,107116200.0,2927.3779296875
3180.0,3050.0,3130.0,3160.0,95863700.0,2974.44189453125
3250.0,3130.0,3160.0,3170.0,211237700.0,2983.8544921875
3240.0,3130.0,3200.0,3130.0,165721200.0,2946.203369140625
3160.0,3130.0,3130.0,3140.0,117097200.0,2955.615966796875
3150.0,3100.0,3140.0,3100.0,119587700.0,2917.965087890625
3130.0,3030.0,3100.0,3050.0,136548700.0,2870.90087890625
3180.0,3050.0,3050.0,3150.0,204157000.0,2965.029052734375
3170.0,3090.0,3160.0,3100.0,173557500.0,2917.965087890625
3160.0,3100.0,3120.0,3140.0,147857700.0,2955.615966796875
3140.0,3090.0,3130.0,3090.0,94805600.0,2908.55224609375
3150.0,3090.0,3090.0,3150.0,94516900.0,2965.029052734375
3170.0,3100.0,3160.0,3140.0,103419800.0,2955.615966796875
3150.0,3100.0,3140.0,3120.0,67176700.0,2936.79052734375
3170.0,3110.0,3130.0,3160.0,78478700.0,2974.44189453125
3180.0,2970.0,3170.0,2990.0,339279900.0,2814.42431640625
3080.0,3000.0,3000.0,3080.0,156288000.0,2899.139404296875
3110.0,3040.0,3100.0,3080.0,161496000.0,2899.139404296875
3130.0,3090.0,3100.0,3110.0,114602400.0,2927.3779296875
3130.0,3060.0,3110.0,3110.0,89917300.0,2927.3779296875
3150.0,3100.0,3110.0,3130.0,91465200.0,2946.203369140625
3220.0,3130.0,3130.0,3190.0,172459100.0,3002.679931640625
3370.0,3190.0,3190.0,3350.0,459419200.0,3153.28466796875
3450.0,3300.0,3350.0,3330.0,214222600.0,3134.459228515625
3350.0,3280.0,3330.0,3340.0,99152200.0,3143.8720703125
3530.0,3340.0,3340.0,3520.0,262001000.0,3313.30224609375
3640.0,3520.0,3520.0,3560.0,217533000.0,3350.953369140625
3650.0,3520.0,3530.0,3640.0,194972300.0,3426.255615234375
3800.0,3640.0,3670.0,3800.0,179300000.0,3576.8603515625
3820.0,3700.0,3800.0,3740.0,161962800.0,3520.383544921875
3780.0,3660.0,3740.0,3700.0,187984900.0,3482.732421875
3740.0,3650.0,3710.0,3690.0,77888200.0,3473.319580078125
3740.0,3500.0,3700.0,3510.0,266042400.0,3303.889404296875
3630.0,3480.0,3550.0,3610.0,196959300.0,3398.017333984375
3660.0,3590.0,3620.0,3660.0,106924600.0,3445.081298828125
3690.0,3550.0,3660.0,3580.0,179612400.0,3369.779052734375
3610.0,3480.0,3610.0,3550.0,134555700.0,3341.54052734375
3570.0,3500.0,3550.0,3510.0,94814200.0,3303.889404296875
3570.0,3510.0,3510.0,3520.0,81381900.0,3313.30224609375
3490.0,3380.0,3480.0,3410.0,178435500.0,3209.761474609375
3300.0,3180.0,3300.0,3180.0,277847900.0,2993.267333984375
3310.0,3010.0,3020.0,3250.0,583497600.0,3059.156982421875
3450.0,3300.0,3300.0,3440.0,275888700.0,3238.0
3460.0,3310.0,3440.0,3330.0,195531100.0,3134.459228515625
3390.0,3240.0,3370.0,3260.0,138529300.0,3068.569580078125
3310.0,3170.0,3270.0,3200.0,167611400.0,3012.093017578125
3270.0,3190.0,3200.0,3220.0,202880500.0,3030.91845703125
3250.0,3150.0,3200.0,3190.0,114168800.0,3002.679931640625
3190.0,3100.0,3110.0,3130.0,134585500.0,2946.203369140625
3180.0,3050.0,3170.0,3080.0,120607900.0,2899.139404296875
3080.0,3010.0,3030.0,3030.0,164151300.0,2852.075439453125
3180.0,3040.0,3060.0,3160.0,169418100.0,2974.44189453125
3230.0,3080.0,3180.0,3090.0,135465800.0,2908.55224609375
3160.0,3020.0,3120.0,3040.0,182697100.0,2861.48828125
3080.0,3000.0,3060.0,3040.0,167835700.0,2861.48828125
3170.0,3060.0,3090.0,3160.0,130031000.0,2974.44189453125
3210.0,3060.0,3180.0,3100.0,157063600.0,2917.965087890625
3170.0,3110.0,3160.0,3160.0,92722900.0,2974.44189453125
3240.0,3180.0,3220.0,3190.0,120816800.0,3002.679931640625
3170.0,3080.0,3160.0,3120.0,288740100.0,2936.79052734375
3170.0,3110.0,3150.0,3150.0,123924000.0,2965.029052734375
3170.0,3120.0,3150.0,3150.0,81127400.0,2965.029052734375
3210.0,3150.0,3160.0,3190.0,156519700.0,3002.679931640625
3300.0,3150.0,3190.0,3280.0,204438200.0,3087.39501953125
3380.0,3290.0,3300.0,3360.0,193879700.0,3162.697509765625
3380.0,3310.0,3360.0,3310.0,183294800.0,3115.633544921875
3360.0,3210.0,3340.0,3250.0,140443600.0,3059.156982421875
3290.0,3230.0,3260.0,3280.0,96199300.0,3087.39501953125
3290.0,3210.0,3280.0,3250.0,134038300.0,3059.156982421875
3310.0,3230.0,3280.0,3240.0,116981800.0,3049.744140625
3300.0,3200.0,3220.0,3300.0,160136600.0,3106.220947265625
3350.0,3270.0,3350.0,3290.0,117246500.0,3096.80810546875
3360.0,3290.0,3300.0,3340.0,101222500.0,3143.8720703125
3400.0,3330.0,3340.0,3360.0,183306100.0,3162.697509765625
3390.0,3300.0,3360.0,3380.0,156784000.0,3181.523193359375
3400.0,3360.0,3390.0,3380.0,121456100.0,3181.523193359375
3420.0,3290.0,3420.0,3290.0,138230100.0,3096.80810546875
3490.0,3360.0,3370.0,3490.0,234792600.0,3285.063720703125
3600.0,3470.0,3510.0,3560.0,268767800.0,3350.953369140625
3690.0,3580.0,3680.0,3690.0,257455400.0,3473.319580078125
4010.0,3770.0,3800.0,4000.0,565562100.0,3765.1162109375
4190.0,3950.0,3970.0,4120.0,357098000.0,3878.069580078125
4100.0,3920.0,4100.0,3950.0,333297500.0,3718.05224609375
4080.0,3960.0,3970.0,4000.0,237374000.0,3765.1162109375
4070.0,3930.0,4050.0,3960.0,193022100.0,3727.46484375
4020.0,3930.0,4000.0,3960.0,180851100.0,3727.46484375
4050.0,3970.0,3980.0,4040.0,182657300.0,3802.767333984375
4130.0,3980.0,4010.0,4040.0,199700800.0,3802.767333984375
4080.0,3990.0,4040.0,4020.0,124785400.0,3783.94189453125
4100.0,4010.0,4010.0,4080.0,123510900.0,3840.41845703125
4230.0,4080.0,4120.0,4200.0,206164400.0,3953.371826171875
4390.0,4250.0,4320.0,4320.0,283337800.0,4066.325439453125
4320.0,4220.0,4220.0,4290.0,136526100.0,4038.087158203125
4370.0,4270.0,4330.0,4270.0,114940800.0,4019.26123046875
4280.0,3990.0,4250.0,4090.0,448799300.0,3849.831298828125
4260.0,4070.0,4130.0,4240.0,228412600.0,3991.02294921875
4340.0,4250.0,4320.0,4300.0,136348400.0,4047.5
4400.0,4300.0,4350.0,4400.0,198985500.0,4141.6279296875
4400.0,4270.0,4400.0,4300.0,150379700.0,4047.5
4420.0,4350.0,4350.0,4400.0,140849600.0,4141.6279296875
4400.0,4340.0,4400.0,4400.0,81272000.0,4141.6279296875
4450.0,4330.0,4450.0,4330.0,193630600.0,4075.738037109375
4400.0,4260.0,4400.0,4280.0,174446900.0,4028.674560546875
4310.0,4270.0,4300.0,4280.0,127385200.0,4028.674560546875
4290.0,4240.0,4280.0,4280.0,133712000.0,4028.674560546875
4350.0,4300.0,4340.0,4320.0,130044800.0,4066.325439453125
4360.0,4310.0,4360.0,4330.0,141727100.0,4075.738037109375
4300.0,4270.0,4270.0,4280.0,207410700.0,4028.674560546875
4340.0,4210.0,4330.0,4210.0,218968900.0,3962.784912109375
4280.0,4120.0,4240.0,4130.0,171484000.0,3887.482421875
4180.0,3950.0,4150.0,4160.0,170156900.0,3915.720947265625
4260.0,4160.0,4250.0,4250.0,86117000.0,4000.43603515625
4280.0,4170.0,4250.0,4180.0,75203600.0,3934.54638671875
4210.0,4130.0,4190.0,4170.0,90020900.0,3925.133544921875
4320.0,4150.0,4150.0,4310.0,96568200.0,4056.91259765625
4300.0,4240.0,4300.0,4270.0,97239100.0,4019.26123046875
4300.0,4160.0,4280.0,4200.0,116634000.0,3953.371826171875
4290.0,4210.0,4260.0,4280.0,128905400.0,4028.674560546875
4390.0,4300.0,4330.0,4390.0,186370900.0,4132.21484375
4660.0,4410.0,4420.0,4650.0,383714500.0,4376.94775390625
4770.0,4670.0,4680.0,4720.0,236714500.0,4442.8369140625
4840.0,4750.0,4770.0,4790.0,210161400.0,4508.7265625
4830.0,4720.0,4820.0,4770.0,133616600.0,4489.90087890625
4770.0,4550.0,4770.0,4580.0,204714500.0,4311.05810546875
4650.0,4540.0,4580.0,4620.0,165968700.0,4348.708984375
4700.0,4610.0,4700.0,4620.0,138570500.0,4348.708984375
4920.0,4650.0,4670.0,4890.0,252471500.0,4602.8544921875
4950.0,4770.0,4920.0,4790.0,161156700.0,4508.7265625
4860.0,4680.0,4860.0,4720.0,166662700.0,4442.8369140625
4790.0,4610.0,4790.0,4780.0,150250800.0,4499.31396484375
4790.0,4620.0,4780.0,4650.0,148952500.0,4376.94775390625
4720.0,4500.0,4650.0,4620.0,180626300.0,4348.708984375
4650.0,4420.0,4580.0,4470.0,160243000.0,4207.517578125
4610.0,4180.0,4570.0,4180.0,280201400.0,3934.54638671875
4440.0,3960.0,4180.0,4400.0,322825100.0,4141.6279296875
4490.0,4260.0,4490.0,4360.0,152295400.0,4103.9765625
4480.0,4360.0,4480.0,4380.0,112944600.0,4122.80224609375
4580.0,4370.0,4450.0,4490.0,147742900.0,4226.3427734375
4540.0,4420.0,4540.0,4470.0,90003100.0,4207.517578125
4530.0,4450.0,4530.0,4460.0,109288100.0,4198.1044921875
4770.0,4500.0,4500.0,4620.0,422144400.0,4348.708984375
4710.0,4600.0,4630.0,4650.0,183774900.0,4376.94775390625
4710.0,4630.0,4700.0,4680.0,90618400.0,4405.18603515625
4780.0,4700.0,4710.0,4710.0,84687800.0,4433.42431640625
4740.0,4660.0,4740.0,4670.0,65111300.0,4395.77294921875
4730.0,4620.0,4710.0,4630.0,92298000.0,4358.12158203125
4770.0,4650.0,4700.0,4670.0,138260600.0,4395.77294921875
4790.0,4600.0,4600.0,4790.0,99893400.0,4508.7265625
4870.0,4760.0,4850.0,4790.0,143288100.0,4508.7265625
4830.0,4740.0,4810.0,4790.0,98008100.0,4508.7265625
4820.0,4710.0,4790.0,4730.0,95982000.0,4452.25
4770.0,4670.0,4770.0,4730.0,119666500.0,4452.25
4750.0,4700.0,4730.0,4710.0,147085100.0,4433.42431640625
4830.0,4720.0,4800.0,4830.0,115471100.0,4546.3779296875
4880.0,4800.0,4870.0,4800.0,68358600.0,4518.13916015625
4850.0,4740.0,4800.0,4850.0,77295700.0,4565.20361328125
4850.0,4730.0,4850.0,4760.0,107177400.0,4480.48828125
4770.0,4700.0,4740.0,4770.0,64715600.0,4489.90087890625
4820.0,4730.0,4800.0,4730.0,63560400.0,4452.25
4750.0,4560.0,4750.0,4580.0,150476600.0,4311.05810546875
4660.0,4590.0,4650.0,4630.0,70367800.0,4358.12158203125
4690.0,4540.0,4690.0,4580.0,138506800.0,4311.05810546875
4630.0,4560.0,4580.0,4570.0,86801300.0,4301.6455078125
4770.0,4610.0,4660.0,4720.0,137296600.0,4442.8369140625
4700.0,4600.0,4680.0,4670.0,105676200.0,4395.77294921875
4770.0,4690.0,4710.0,4760.0,86939900.0,4480.48828125
4750.0,4670.0,4750.0,4670.0,151268300.0,4395.77294921875
4700.0,4620.0,4700.0,4630.0,60999200.0,4358.12158203125
4720.0,4650.0,4720.0,4670.0,104576700.0,4395.77294921875
4730.0,4650.0,4730.0,4670.0,109556600.0,4395.77294921875
4700.0,4580.0,4700.0,4620.0,86494000.0,4348.708984375
4720.0,4620.0,4630.0,4720.0,97251100.0,4442.8369140625
4780.0,4720.0,4780.0,4720.0,97096100.0,4442.8369140625
4700.0,4480.0,4700.0,4500.0,195358500.0,4235.755859375
4480.0,4260.0,4450.0,4400.0,293758300.0,4141.6279296875
4370.0,4210.0,4350.0,4290.0,309252700.0,4038.087158203125
4330.0,4160.0,4320.0,4200.0,314116300.0,3953.371826171875
4230.0,4150.0,4170.0,4200.0,152105800.0,4039.856201171875
4240.0,4160.0,4230.0,4200.0,106319800.0,4039.856201171875
4360.0,4230.0,4250.0,4350.0,144154400.0,4184.13671875
4400.0,4350.0,4380.0,4350.0,113886800.0,4184.13671875
4390.0,4200.0,4390.0,4210.0,104651900.0,4049.47509765625
4260.0,4120.0,4210.0,4160.0,109258700.0,4001.381591796875
4350.0,4220.0,4280.0,4350.0,103208800.0,4184.13671875
4410.0,4280.0,4390.0,4410.0,78427900.0,4241.84912109375
4460.0,4310.0,4450.0,4340.0,67722200.0,4174.51806640625
4380.0,4310.0,4360.0,4380.0,56531400.0,4212.9931640625
4330.0,4220.0,4290.0,4310.0,89285800.0,4145.662109375
4290.0,4230.0,4240.0,4230.0,47230100.0,4068.71240234375
4260.0,4200.0,4230.0,4200.0,108010700.0,4039.856201171875
4280.0,4190.0,4200.0,4250.0,109555800.0,4087.949951171875
4250.0,4130.0,4240.0,4140.0,143058700.0,3982.14404296875
4200.0,4150.0,4200.0,4170.0,132799600.0,4011.000244140625
4220.0,4130.0,4170.0,4130.0,115076300.0,3972.525390625
4200.0,4140.0,4190.0,4160.0,113372000.0,4001.381591796875
4160.0,4050.0,4150.0,4050.0,234084900.0,3895.57568359375
4070.0,4000.0,4060.0,4010.0,112939600.0,3857.100830078125
4070.0,4010.0,4020.0,4060.0,76623800.0,3905.1943359375
4130.0,4080.0,4110.0,4090.0,106654100.0,3934.050537109375
4130.0,4070.0,4130.0,4110.0,78386100.0,3953.2880859375
4140.0,4040.0,4140.0,4050.0,75778900.0,3895.57568359375
4090.0,4050.0,4050.0,4050.0,73978500.0,3895.57568359375
4040.0,3980.0,4030.0,3990.0,151844200.0,3837.863525390625
4000.0,3900.0,3960.0,3900.0,195291900.0,3751.295166015625
3960.0,3890.0,3960.0,3900.0,115704100.0,3751.295166015625
3940.0,3850.0,3850.0,3870.0,123005100.0,3722.43896484375
3930.0,3820.0,3840.0,3880.0,149845300.0,3732.0576171875
3950.0,3860.0,3920.0,3890.0,110111400.0,3741.676513671875
4060.0,3910.0,3970.0,4040.0,133806900.0,3885.95703125
4140.0,4040.0,4070.0,4060.0,153339900.0,3905.1943359375
4190.0,3950.0,4140.0,3950.0,566074500.0,3799.388671875
4170.0,4020.0,4040.0,4070.0,249177000.0,3914.813232421875
4280.0,4110.0,4130.0,4260.0,296848200.0,4097.568359375
4380.0,4230.0,4350.0,4260.0,283865400.0,4097.568359375
4360.0,4220.0,4270.0,4360.0,157674300.0,4193.75537109375
4390.0,4290.0,4380.0,4340.0,125583500.0,4174.51806640625
4350.0,4210.0,4340.0,4250.0,138866500.0,4087.949951171875
4280.0,4190.0,4280.0,4200.0,98987900.0,4039.856201171875
4270.0,4100.0,4100.0,4220.0,97665400.0,4059.09375
4320.0,4260.0,4280.0,4300.0,97257300.0,4136.04345703125
4350.0,4280.0,4350.0,4280.0,52553100.0,4116.80615234375
4350.0,4280.0,4330.0,4350.0,121237400.0,4184.13671875
4350.0,4210.0,4350.0,4230.0,182463800.0,4068.71240234375
4170.0,4010.0,4150.0,4010.0,437267600.0,3857.100830078125
4070.0,3930.0,3980.0,4030.0,305679700.0,3876.33837890625
4060.0,3910.0,4060.0,3910.0,296000300.0,3760.913818359375
3970.0,3860.0,3880.0,3940.0,145038200.0,3789.77001953125
4070.0,3920.0,3940.0,4040.0,120755000.0,3885.95703125
4070.0,3940.0,4050.0,3940.0,162498800.0,3789.77001953125
4010.0,3960.0,4000.0,3990.0,50382000.0,3837.863525390625
4040.0,3990.0,4030.0,3990.0,75589800.0,3837.863525390625
3990.0,3930.0,3980.0,3930.0,141231800.0,3780.1513671875
3910.0,3860.0,3860.0,3900.0,121772800.0,3751.295166015625
3970.0,3890.0,3900.0,3940.0,112847100.0,3789.77001953125
3970.0,3910.0,3940.0,3940.0,95671900.0,3789.77001953125
4030.0,3970.0,4000.0,3990.0,85301200.0,3837.863525390625
3960.0,3880.0,3930.0,3900.0,84968300.0,3751.295166015625
3950.0,3890.0,3950.0,3890.0,55317000.0,3741.676513671875
3940.0,3810.0,3920.0,3820.0,148723800.0,3674.345458984375
3900.0,3820.0,3890.0,3870.0,147587600.0,3722.43896484375
3870.0,3780.0,3860.0,3800.0,127826500.0,3655.108154296875
3820.0,3750.0,3800.0,3760.0,119727200.0,3616.63330078125
3800.0,3760.0,3800.0,3780.0,159709500.0,3635.87060546875
3800.0,3700.0,3780.0,3710.0,105184100.0,3568.539794921875
3840.0,3730.0,3750.0,3810.0,127139100.0,3664.726806640625
3860.0,3810.0,3850.0,3840.0,98486200.0,3693.5830078125
3850.0,3780.0,3850.0,3780.0,63023000.0,3635.87060546875
3880.0,3810.0,3850.0,3820.0,100915300.0,3674.345458984375
3910.0,3840.0,3870.0,3900.0,85309600.0,3751.295166015625
3950.0,3830.0,3940.0,3870.0,87235100.0,3722.43896484375
3900.0,3820.0,3900.0,3830.0,81996800.0,3683.964111328125
3860.0,3770.0,3860.0,3800.0,90672700.0,3655.108154296875
3810.0,3720.0,3800.0,3730.0,70705400.0,3587.777099609375
3840.0,3750.0,3760.0,3770.0,93469200.0,3626.251953125
3830.0,3710.0,3830.0,3710.0,103301100.0,3568.539794921875
3770.0,3700.0,3770.0,3740.0,96187100.0,3597.395751953125
3780.0,3720.0,3740.0,3750.0,79873600.0,3607.0146484375
3850.0,3770.0,3790.0,3850.0,83496200.0,3703.20166015625
4090.0,3900.0,3900.0,4050.0,267404100.0,3895.57568359375
4060.0,3900.0,4050.0,3930.0,138594800.0,3780.1513671875
3950.0,3820.0,3940.0,3850.0,93093100.0,3703.20166015625
3890.0,3810.0,3890.0,3820.0,85771200.0,3674.345458984375
3850.0,3800.0,3850.0,3810.0,85874900.0,3664.726806640625
3880.0,3820.0,3820.0,3870.0,95298300.0,3722.43896484375
3930.0,3840.0,3870.0,3930.0,63711200.0,3780.1513671875
4090.0,3930.0,3990.0,4070.0,224861000.0,3914.813232421875
4020.0,3860.0,4000.0,3880.0,198373600.0,3732.0576171875
3940.0,3830.0,3880.0,3930.0,80299100.0,3780.1513671875
3990.0,3930.0,3980.0,3960.0,61938800.0,3809.00732421875
3960.0,3830.0,3950.0,3890.0,137163100.0,3741.676513671875
3545.393310546875,3499.939453125,3499.939453125,3536.302490234375,86571495.0,3401.46533203125
3545.393310546875,3490.848876953125,3536.302490234375,3518.12109375,69144334.0,3383.97705078125
3536.302490234375,3481.758056640625,3536.302490234375,3490.848876953125,79498923.0,3357.74462890625
3581.75634765625,3490.848876953125,3499.939453125,3581.75634765625,128539860.0,3445.18603515625
3590.84716796875,3518.12109375,3581.75634765625,3572.66552734375,134879489.0,3436.441650390625
3572.66552734375,3527.2119140625,3572.66552734375,3536.302490234375,97691477.0,3401.46533203125
3536.302490234375,3490.848876953125,3509.0302734375,3518.12109375,81242343.0,3383.97705078125
3572.66552734375,3463.576416015625,3499.939453125,3572.66552734375,165056860.0,3436.441650390625
3618.119384765625,3499.939453125,3590.84716796875,3499.939453125,188929693.0,3366.48876953125
3563.57470703125,3518.12109375,3536.302490234375,3554.484130859375,140380354.0,3418.95361328125
3880.0,3720.0,3820.0,3730.0,228087900.0,3587.777099609375
3770.0,3650.0,3700.0,3730.0,306319600.0,3587.777099609375
3790.0,3670.0,3710.0,3780.0,177033000.0,3635.87060546875
3750.0,3660.0,3710.0,3700.0,169825000.0,3558.921142578125
3730.0,3660.0,3720.0,3700.0,216363400.0,3558.921142578125
3670.0,3620.0,3670.0,3660.0,263544000.0,3520.4462890625
3660.0,3610.0,3650.0,3640.0,194782800.0,3501.208740234375
3640.0,3570.0,3630.0,3610.0,346529100.0,3472.352783203125
3590.0,3510.0,3590.0,3590.0,357971300.0,3453.115234375
3580.0,3500.0,3510.0,3570.0,410533900.0,3433.8779296875
3650.0,3520.0,3520.0,3610.0,416087300.0,3472.352783203125
3770.0,3590.0,3600.0,3770.0,432390800.0,3626.251953125
3860.0,3770.0,3790.0,3820.0,634549600.0,3674.345458984375
3800.0,3730.0,3770.0,3750.0,380151200.0,3607.0146484375
3770.0,3690.0,3770.0,3720.0,306827400.0,3578.158447265625
3750.0,3690.0,3720.0,3740.0,143081800.0,3597.395751953125
3870.0,3750.0,3760.0,3850.0,416099000.0,3703.20166015625
3920.0,3830.0,3850.0,3900.0,359864700.0,3751.295166015625
4010.0,3890.0,3900.0,3970.0,335762600.0,3818.6259765625
3980.0,3910.0,3950.0,3930.0,236562700.0,3780.1513671875
4150.0,3920.0,3920.0,4120.0,446708800.0,3962.90673828125
4170.0,4070.0,4150.0,4120.0,264905400.0,3962.90673828125
4240.0,4130.0,4190.0,4160.0,196631600.0,4001.381591796875
4200.0,4130.0,4160.0,4180.0,146720100.0,4020.618896484375
4240.0,4180.0,4180.0,4220.0,241196000.0,4059.09375
4300.0,4220.0,4230.0,4280.0,264629400.0,4116.80615234375
4350.0,4230.0,4280.0,4250.0,196989500.0,4087.949951171875
4330.0,4220.0,4250.0,4320.0,318189600.0,4155.28076171875
4410.0,4340.0,4350.0,4410.0,286829000.0,4241.84912109375
4450.0,4360.0,4450.0,4400.0,161256300.0,4232.23046875
4460.0,4320.0,4450.0,4360.0,319230200.0,4193.75537109375
4400.0,4320.0,4340.0,4400.0,160459300.0,4232.23046875
4370.0,4300.0,4330.0,4300.0,128240100.0,4136.04345703125
4370.0,4270.0,4280.0,4350.0,108782400.0,4184.13671875
4340.0,4260.0,4330.0,4290.0,258038300.0,4126.4248046875
4300.0,4200.0,4210.0,4240.0,159645200.0,4078.3310546875
4300.0,4220.0,4300.0,4250.0,155011100.0,4087.949951171875
4330.0,4220.0,4330.0,4230.0,102079300.0,4068.71240234375
4270.0,4210.0,4270.0,4210.0,124799700.0,4049.47509765625
4300.0,4210.0,4250.0,4290.0,100486300.0,4126.4248046875
4340.0,4250.0,4330.0,4250.0,119591100.0,4087.949951171875
4270.0,4210.0,4270.0,4240.0,74347000.0,4078.3310546875
4260.0,4220.0,4250.0,4230.0,79465600.0,4068.71240234375
4250.0,4220.0,4230.0,4250.0,92453200.0,4087.949951171875
4260.0,4210.0,4230.0,4250.0,69475400.0,4087.949951171875
4300.0,4230.0,4290.0,4250.0,149637700.0,4087.949951171875
4290.0,4210.0,4270.0,4220.0,80234400.0,4059.09375
4220.0,4140.0,4220.0,4160.0,220142300.0,4001.381591796875
4170.0,4120.0,4120.0,4130.0,163555000.0,3972.525390625
4200.0,4160.0,4170.0,4200.0,126523700.0,4039.856201171875
4190.0,4140.0,4150.0,4180.0,114881200.0,4020.618896484375
4290.0,4220.0,4220.0,4280.0,182167700.0,4116.80615234375
4310.0,4250.0,4310.0,4280.0,151514000.0,4116.80615234375
4280.0,4200.0,4280.0,4210.0,104294200.0,4049.47509765625
4230.0,4190.0,4200.0,4210.0,111072800.0,4049.47509765625
4250.0,4180.0,4180.0,4220.0,123609400.0,4059.09375
4220.0,4150.0,4190.0,4160.0,148652500.0,4001.381591796875
4190.0,4080.0,4150.0,4170.0,164312800.0,4011.000244140625
4220.0,4090.0,4150.0,4090.0,316653200.0,3934.050537109375
4180.0,4070.0,4090.0,4080.0,163457900.0,3924.431884765625
4220.0,4060.0,4060.0,4200.0,139281800.0,4039.856201171875
4220.0,4170.0,4210.0,4170.0,93227100.0,4011.000244140625
4220.0,4110.0,4200.0,4110.0,106610000.0,3953.2880859375
4230.0,4160.0,4190.0,4230.0,182048000.0,4068.71240234375
4250.0,4170.0,4250.0,4210.0,143230200.0,4049.47509765625
4220.0,4160.0,4220.0,4190.0,90471500.0,4030.237548828125
4160.0,4130.0,4130.0,4130.0,122999200.0,3972.525390625
4200.0,4160.0,4170.0,4160.0,86848900.0,4001.381591796875
4160.0,4130.0,4150.0,4130.0,100110000.0,3972.525390625
4230.0,4140.0,4150.0,4200.0,124522800.0,4039.856201171875
4220.0,4120.0,4220.0,4140.0,136646600.0,3982.14404296875
4140.0,4090.0,4090.0,4110.0,153165400.0,3953.2880859375
4130.0,4060.0,4070.0,4120.0,89198900.0,3962.90673828125
4120.0,4080.0,4100.0,4080.0,109561800.0,3924.431884765625
4110.0,4050.0,4100.0,4050.0,104738000.0,3895.57568359375
4110.0,4060.0,4090.0,4100.0,72736800.0,3943.669189453125
4120.0,4050.0,4100.0,4070.0,59795000.0,3914.813232421875
4110.0,4060.0,4070.0,4060.0,65491200.0,3905.1943359375
4110.0,4070.0,4090.0,4090.0,52952500.0,3934.050537109375
4100.0,4070.0,4090.0,4080.0,27676500.0,3924.431884765625
4140.0,4060.0,4080.0,4110.0,146989400.0,3953.2880859375
